<?xml version="1.0" encoding="utf-8"?>
<!--/224474/1281221/2.50/6/2/Integrated Circuit/-->
<quadcept_library>
  <setting unit="mil" />
  <textstyle name="Default" height="47.244094488189" strokewidth="7.8740157480315" charwidth="47.244094488189" />
  <textstyle name="Dimension" height="19.6850393700787" strokewidth="0" charwidth="19.6850393700787" />
  <textstyle name="H127W0635TH00762" height="50" strokewidth="3" charwidth="25" />
  <textstyle name="H15W15TH02" height="59.0551181102362" strokewidth="7.8740157480315" charwidth="59.0551181102362" />
  <padstyle name="r105_40" surface="True" plated="False" isvia="False" nopaste="False" nomask="True" complex="False" holesize="0">
    <padshape layer="TOP" shape="rectangle" width="15.748031496063" height="41.338582677165" />
    <padshape layer="TOP_SOLDER_MASK" shape="rectangle" width="23.622047244094" height="49.212598425196" />
    <padshape layer="TOP_SOLDER_PASTE" shape="rectangle" width="15.748031496063" height="41.338582677165" />
  </padstyle>
  <footprint name="SOT65P210X110-6N" originx="0" originy="0" pickpointx="0" pickpointy="0">
    <pcbpin number="1" name="1" style="r105_40" originx="-37.401574803149" originy="25.590551181102" rotation="90" />
    <pcbpin number="2" name="2" style="r105_40" originx="-37.401574803149" originy="0" rotation="90" />
    <pcbpin number="3" name="3" style="r105_40" originx="-37.401574803149" originy="-25.590551181102" rotation="90" />
    <pcbpin number="4" name="4" style="r105_40" originx="37.401574803149" originy="-25.590551181102" rotation="90" />
    <pcbpin number="5" name="5" style="r105_40" originx="37.401574803149" originy="0" rotation="90" />
    <pcbpin number="6" name="6" style="r105_40" originx="37.401574803149" originy="25.590551181102" rotation="90" />
    <line layer="TOP_PLACE_BOUND" originx="-67.913385826771" originy="53.149606299212" endx="67.913385826771" endy="53.149606299212" width="1.9685039370079" />
    <line layer="TOP_PLACE_BOUND" originx="67.913385826771" originy="53.149606299212" endx="67.913385826771" endy="-53.149606299212" width="1.9685039370079" />
    <line layer="TOP_PLACE_BOUND" originx="67.913385826771" originy="-53.149606299212" endx="-67.913385826771" endy="-53.149606299212" width="1.9685039370079" />
    <line layer="TOP_PLACE_BOUND" originx="-67.913385826771" originy="-53.149606299212" endx="-67.913385826771" endy="53.149606299212" width="1.9685039370079" />
    <line layer="TOP_ASSEMBLY" originx="-24.606299212598" originy="39.370078740157" endx="24.606299212598" endy="39.370078740157" width="3.9370078740157" />
    <line layer="TOP_ASSEMBLY" originx="24.606299212598" originy="39.370078740157" endx="24.606299212598" endy="-39.370078740157" width="3.9370078740157" />
    <line layer="TOP_ASSEMBLY" originx="24.606299212598" originy="-39.370078740157" endx="-24.606299212598" endy="-39.370078740157" width="3.9370078740157" />
    <line layer="TOP_ASSEMBLY" originx="-24.606299212598" originy="-39.370078740157" endx="-24.606299212598" endy="39.370078740157" width="3.9370078740157" />
    <line layer="TOP_ASSEMBLY" originx="-24.606299212598" originy="13.779527559055" endx="0.98425196850393" endy="39.370078740157" width="3.9370078740157" />
    <line layer="TOP_SILKSCREEN" originx="-2.9527559055118" originy="39.370078740157" endx="2.9527559055118" endy="39.370078740157" width="7.8740157480314" />
    <line layer="TOP_SILKSCREEN" originx="2.9527559055118" originy="39.370078740157" endx="2.9527559055118" endy="-39.370078740157" width="7.8740157480314" />
    <line layer="TOP_SILKSCREEN" originx="2.9527559055118" originy="-39.370078740157" endx="-2.9527559055118" endy="-39.370078740157" width="7.8740157480314" />
    <line layer="TOP_SILKSCREEN" originx="-2.9527559055118" originy="-39.370078740157" endx="-2.9527559055118" endy="39.370078740157" width="7.8740157480314" />
    <line layer="TOP_SILKSCREEN" originx="-58.070866141732" originy="47.244094488188" endx="-16.732283464567" endy="47.244094488188" width="7.8740157480314" />
  </footprint>
  <symbol name="BC847BDW1T1G" originx="0" originy="0">
    <line originx="200" originy="100" endx="700" endy="100" width="0" />
    <line originx="700" originy="-300" endx="700" endy="100" width="0" />
    <line originx="700" originy="-300" endx="200" endy="-300" width="0" />
    <line originx="200" originy="100" endx="200" endy="-300" width="0" />
    <sympin number="1" originx="200" originy="0" rotation="180" length="100" width="7.8740157480315" flipped="False">
      <text name="pinname" originx="230" originy="0" style="Default" rotation="0" justify="left" flipped="False" hidden="False" data="E2" />
      <text name="pindes" originx="140" originy="20" style="Default" rotation="0" justify="lowerright" flipped="False" hidden="False" data="1" />
    </sympin>
    <sympin number="2" originx="200" originy="-100" rotation="180" length="100" width="7.8740157480315" flipped="False">
      <text name="pinname" originx="230" originy="-100" style="Default" rotation="0" justify="left" flipped="False" hidden="False" data="B2" />
      <text name="pindes" originx="140" originy="-80" style="Default" rotation="0" justify="lowerright" flipped="False" hidden="False" data="2" />
    </sympin>
    <sympin number="3" originx="200" originy="-200" rotation="180" length="100" width="7.8740157480315" flipped="False">
      <text name="pinname" originx="230" originy="-200" style="Default" rotation="0" justify="left" flipped="False" hidden="False" data="C1" />
      <text name="pindes" originx="140" originy="-180" style="Default" rotation="0" justify="lowerright" flipped="False" hidden="False" data="3" />
    </sympin>
    <sympin number="6" originx="700" originy="0" rotation="0" length="100" width="7.8740157480315" flipped="False">
      <text name="pinname" originx="670" originy="0" style="Default" rotation="0" justify="right" flipped="False" hidden="False" data="C2" />
      <text name="pindes" originx="760" originy="20" style="Default" rotation="0" justify="lowerleft" flipped="False" hidden="False" data="6" />
    </sympin>
    <sympin number="5" originx="700" originy="-100" rotation="0" length="100" width="7.8740157480315" flipped="False">
      <text name="pinname" originx="670" originy="-100" style="Default" rotation="0" justify="right" flipped="False" hidden="False" data="B1" />
      <text name="pindes" originx="760" originy="-80" style="Default" rotation="0" justify="lowerleft" flipped="False" hidden="False" data="5" />
    </sympin>
    <sympin number="4" originx="700" originy="-200" rotation="0" length="100" width="7.8740157480315" flipped="False">
      <text name="pinname" originx="670" originy="-200" style="Default" rotation="0" justify="right" flipped="False" hidden="False" data="E1" />
      <text name="pindes" originx="760" originy="-180" style="Default" rotation="0" justify="lowerleft" flipped="False" hidden="False" data="4" />
    </sympin>
  </symbol>
  <component name="BC847BDW1T1G" designatorprefix="IC" height="43.307086614173" footprint="SOT65P210X110-6N">
    <comppin designator="1" sympin="1" pinswap="0" gateswap="0" gate="1" group="1" side="" type="Any" name="E2" />
    <comppin designator="2" sympin="2" pinswap="0" gateswap="0" gate="1" group="1" side="" type="Any" name="B2" />
    <comppin designator="3" sympin="3" pinswap="0" gateswap="0" gate="1" group="1" side="" type="Any" name="C1" />
    <comppin designator="4" sympin="4" pinswap="0" gateswap="0" gate="1" group="1" side="" type="Any" name="E1" />
    <comppin designator="5" sympin="5" pinswap="0" gateswap="0" gate="1" group="1" side="" type="Any" name="B1" />
    <comppin designator="6" sympin="6" pinswap="0" gateswap="0" gate="1" group="1" side="" type="Any" name="C2" />
    <attached_symbol gate="1" name="BC847BDW1T1G" />
    <pinmap designator="1" footprintpin="1" />
    <pinmap designator="2" footprintpin="2" />
    <pinmap designator="3" footprintpin="3" />
    <pinmap designator="4" footprintpin="4" />
    <pinmap designator="5" footprintpin="5" />
    <pinmap designator="6" footprintpin="6" />
    <text name="Datasheet" originx="0" originy="0" style="Default" rotation="0" justify="" flipped="False" hidden="True" data="https://www.onsemi.com/pub/Collateral/BC846BDW1T1-D.PDF" />
    <text name="Description" originx="0" originy="0" style="Default" rotation="0" justify="" flipped="False" hidden="True" data="Device Marking: BC846BDW1T1 = 1B BC847BDW1T1 = 1F BC847CDW1T1 = 1G BC848BDW1T1 = 1K BC848CDW1T1 = 1L; These Devices are Pb-Free, Halogen Free/BFR Free and are RoHS Compliant; S and NSV Prefix for Automotive and Other Applications Requiring Unique Site and Control Change Requirements; AECQ101 Qualified and PPAP Capable" />
    <text name="Mouser Part Number" originx="0" originy="0" style="Default" rotation="0" justify="" flipped="False" hidden="True" data="863-BC847BDW1T1G" />
    <text name="Mouser Price/Stock" originx="0" originy="0" style="Default" rotation="0" justify="" flipped="False" hidden="True" data="https://www.mouser.co.uk/ProductDetail/onsemi/BC847BDW1T1G?qs=vNc2DXHODiJIIkxW3oEo4A%3D%3D" />
    <text name="Manufacturer_Name" originx="0" originy="0" style="Default" rotation="0" justify="" flipped="False" hidden="True" data="onsemi" />
    <text name="Manufacturer_Part_Number" originx="750" originy="200" style="Default" rotation="0" justify="left" flipped="False" hidden="False" data="BC847BDW1T1G" />
  </component>
</quadcept_library>
