﻿Designator,Footprint,Quantity,Value,LCSC Part #
"C1, C10, C8, C9",0603,4,10μF. 25V. 20%,
"C11, C3",0603,2,1μF. 16V. 10%,
C12,0603,1,0.1uF 4V,
C13,0603,1,0.1uF 2V,
C14,0603,1,2.2nF 50V,
"C2, C6, C7",0603,3,0.1μF. 50V. 10%,
C4,0805,1,10μF. 50V,
C5,0805,1,22μF 25V,
D1,0603,1,LED,
D10,LED_WS2812B_PLCC4_5.0x5.0mm_P3.2mm,1,WS2812B,
D11,D_SOD-123,1,1N4148W,
"D2, D3, D4, D6, D7, D8",D_SOD-523,6,D_TVS,
"D5, D9",D_SOD-123,2,1N5819,
IC1,ESP32C6WROOM1N8,1,ESP32-C6-WROOM-1-N8,
IC2,SOT65P210X110-6N,1,~,
"J1, J2",USB_C_Receptacle_HCTL_HC-TYPE-C-16P-01A,2,USB_C_Receptacle_USB2.0_14P,
"R1, R11, R12, R13, R2",0603,5,10k. 1%,
R10,0603,1,22.1k. 1%,
R14,0603,1,4.7K. 1%,
R15,0603,1,47K. 1%,
"R16, R17",0603,2,10K,
"R3, R4, R5, R6, R7",0603,5,5.1k,
R8,0603,1,1k. 1%,
R9,0603,1,47.5k. 1%,
"SW1, SW2",SW-TH_TK-6580A8-1,2,TK-6580A8-1,C528772
U1,QFN-28-1EP_5x5mm_P0.5mm_EP3.35x3.35mm,1,CP2102N-Axx-xQFN28,
U2,SOT-223-3_TabPin2,1,AMS1117-3.3,
U3,InvenSense_QFN-24_4x4mm_P0.5mm,1,MPU-6050,
